State,Demography value,Metric,Jan-2015,Feb-2015,Mar-2015,Apr-2015,May-2015,Jun-2015,Jul-2015,Aug-2015,Sep-2015,Oct-2015,Nov-2015,Dec-2015,Jan-2016,Feb-2016,Mar-2016,Apr-2016,May-2016,Jun-2016,Jul-2016,Aug-2016,Sep-2016,Oct-2016,Nov-2016,Dec-2016,Jan-2017,Feb-2017,Mar-2017,Apr-2017,May-2017,Jun-2017,Jul-2017,Aug-2017,Sep-2017,Oct-2017,Nov-2017,Dec-2017,Jan-2018,Feb-2018,Mar-2018,Apr-2018,May-2018,Jun-2018,Jul-2018,Aug-2018,Sep-2018,Oct-2018,Nov-2018,Dec-2018,Jan-2019,Feb-2019,Mar-2019,Apr-2019,May-2019,Jun-2019,Jul-2019,Aug-2019,Sep-2019,Oct-2019,Nov-2019,Dec-2019,Jan-2020,Feb-2020,Mar-2020,Apr-2020,May-2020,Jun-2020,Jul-2020,Aug-2020,Sep-2020,Oct-2020,Nov-2020,Dec-2020,Jan-2021,Feb-2021,Mar-2021,Apr-2021,May-2021,Jun-2021,Jul-2021,Aug-2021,Sep-2021,Oct-2021,Nov-2021,Dec-2021,Jan-2022,Feb-2022,Mar-2022,Apr-2022,May-2022,Jun-2022,Jul-2022,Aug-2022,Sep-2022,Oct-2022,Nov-2022,Dec-2022,Jan-2023,Feb-2023,Mar-2023,Apr-2023,May-2023,Jun-2023,Jul-2023,Aug-2023,Sep-2023,Oct-2023,Nov-2023,Dec-2023,Jan-2024,Feb-2024,Mar-2024,Apr-2024,May-2024,Jun-2024,Jul-2024,Aug-2024,Sep-2024,Oct-2024,Nov-2024,Dec-2024,Jan-2025,Feb-2025,Mar-2025,Apr-2025,May-2025,Jun-2025
NSW,0-15,Bulk-billing rate,92.05%,92.22%,92.49%,92.83%,92.78%,92.70%,92.56%,92.62%,92.63%,92.70%,92.69%,92.65%,92.89%,92.87%,92.91%,93.24%,93.31%,93.18%,93.10%,93.01%,92.86%,93.17%,93.04%,92.79%,92.85%,92.95%,92.93%,93.64%,93.36%,93.30%,93.41%,93.30%,93.24%,93.26%,93.21%,92.98%,93.12%,93.22%,93.34%,93.84%,94.36%,94.03%,93.79%,93.40%,93.43%,93.32%,93.36%,93.23%,93.33%,93.45%,93.58%,94.02%,94.57%,94.38%,93.79%,93.32%,93.30%,93.34%,93.33%,93.09%,92.89%,93.04%,94.07%,97.35%,96.61%,96.16%,95.48%,95.53%,95.17%,94.43%,94.51%,94.16%,93.96%,94.11%,94.11%,94.52%,94.54%,94.52%,93.72%,93.75%,95.79%,96.14%,94.52%,94.12%,96.31%,94.50%,95.17%,94.61%,94.41%,94.25%,92.99%,92.23%,91.82%,91.39%,91.26%,90.81%,90.06%,90.13%,90.27%,90.68%,90.98%,90.57%,90.04%,89.59%,89.65%,89.26%,90.52%,90.02%,90.06%,90.71%,90.83%,91.32%,91.96%,91.82%,91.74%,91.25%,91.42%,91.37%,91.32%,90.96%,90.96%,91.28%,91.32%,92.20%,92.43%,92.17%
NSW,0-15,Bulk-billed services,"407,966","469,620","557,923","484,720","606,105","610,483","603,147","705,498","581,355","514,399","527,569","429,796","405,775","534,486","545,713","519,275","611,354","561,877","527,015","678,309","584,501","503,494","532,775","413,895","415,638","502,085","597,585","487,145","614,987","583,166","612,343","738,970","593,430","518,310","539,956","407,709","434,525","479,790","535,765","518,375","683,123","609,292","596,664","622,245","568,842","531,813","551,889","413,660","458,626","527,373","585,553","556,155","757,736","714,190","684,641","655,292","587,763","525,817","528,502","437,605","436,307","532,992","585,042","546,423","533,154","593,268","485,716","543,407","496,457","459,903","535,976","424,521","385,251","483,599","551,809","511,249","658,964","642,284","465,451","380,094","522,463","604,943","506,946","373,604","600,686","471,631","693,161","491,522","754,978","769,778","561,254","616,469","527,019","493,303","533,347","378,890","360,103","432,911","527,448","436,434","625,232","578,737","521,932","571,902","498,395","448,047","475,875","357,363","385,190","466,533","511,218","532,592","671,514","626,266","602,606","577,404","531,932","466,012","477,887","373,037","375,691","441,889","507,830","478,807","576,898","536,977"
NSW,16-64,Bulk-billing rate,85.14%,85.10%,85.70%,86.46%,86.28%,85.98%,85.70%,85.76%,85.85%,85.97%,86.00%,85.88%,86.19%,85.98%,86.33%,86.81%,86.58%,86.36%,86.18%,86.00%,85.99%,86.29%,86.07%,85.82%,85.82%,86.03%,86.32%,87.24%,86.56%,86.38%,86.57%,86.18%,86.22%,86.36%,86.28%,85.96%,86.00%,86.28%,86.61%,86.96%,87.14%,86.76%,86.74%,86.27%,86.57%,86.25%,86.17%,86.10%,85.99%,86.13%,86.38%,86.86%,87.06%,86.70%,86.08%,85.80%,85.84%,85.61%,85.77%,85.38%,85.26%,85.28%,87.62%,93.91%,92.07%,90.90%,90.43%,90.31%,89.69%,88.50%,88.12%,88.13%,88.09%,87.37%,87.52%,88.12%,88.29%,88.43%,89.97%,92.40%,92.27%,90.77%,87.71%,88.20%,89.98%,88.09%,86.96%,87.02%,86.28%,86.07%,85.07%,82.86%,82.03%,80.87%,80.40%,80.07%,78.26%,77.85%,77.94%,78.77%,78.49%,77.61%,76.70%,76.25%,76.24%,75.21%,75.77%,75.99%,75.16%,75.52%,76.07%,76.45%,77.01%,76.66%,76.05%,75.95%,76.01%,75.86%,75.67%,75.74%,74.98%,75.44%,75.83%,77.14%,77.28%,77.13%
NSW,16-64,Bulk-billed services,"1,752,804","1,854,849","2,094,532","1,921,466","2,070,934","2,007,894","2,079,382","2,114,958","2,034,740","1,989,498","1,975,430","1,742,563","1,753,812","2,037,294","2,060,697","2,066,870","2,230,246","2,012,789","1,968,091","2,253,013","2,073,715","1,974,172","2,077,412","1,749,601","1,843,996","1,965,922","2,275,291","1,839,717","2,307,765","2,051,626","2,120,383","2,351,686","2,089,094","2,073,025","2,124,753","1,729,829","1,955,357","2,018,014","2,178,133","2,050,129","2,444,982","2,061,820","2,149,138","2,258,486","2,040,286","2,172,183","2,160,182","1,745,886","2,000,144","2,070,575","2,231,832","2,052,410","2,501,024","2,100,943","2,289,188","2,239,028","2,114,845","2,155,284","2,087,195","1,806,729","1,978,763","2,048,844","2,380,352","2,463,727","2,415,612","2,420,174","2,529,357","2,384,162","2,380,354","2,285,719","2,281,109","2,048,646","2,032,901","2,191,751","2,487,162","2,254,371","2,539,893","2,495,515","2,822,645","3,690,557","3,581,080","2,995,920","2,471,019","2,131,023","2,464,415","2,424,107","2,492,048","2,018,755","2,503,317","2,355,758","2,243,373","2,309,892","2,032,760","1,950,516","2,061,478","1,681,200","1,701,332","1,815,270","2,089,309","1,682,484","2,201,268","1,910,508","1,847,485","1,999,019","1,803,164","1,787,638","1,853,287","1,497,923","1,679,370","1,813,783","1,792,086","1,796,557","2,092,601","1,768,922","1,981,578","1,932,561","1,825,524","1,874,122","1,821,371","1,541,534","1,686,296","1,789,184","1,912,523","1,778,707","2,064,388","1,860,860"
NSW,65+,Bulk-billing rate,91.37%,91.25%,91.50%,92.39%,91.73%,91.51%,91.47%,91.34%,91.41%,91.43%,91.39%,91.45%,91.54%,91.32%,91.58%,92.36%,91.64%,91.52%,91.31%,91.14%,91.20%,91.14%,91.07%,91.12%,91.11%,91.20%,91.41%,92.31%,91.49%,91.33%,91.28%,91.02%,91.14%,91.00%,91.09%,91.05%,91.20%,91.22%,91.36%,91.88%,92.08%,91.39%,91.24%,91.19%,91.30%,91.11%,91.00%,91.03%,91.19%,91.14%,91.24%,91.77%,92.11%,91.22%,90.95%,90.89%,90.91%,90.75%,90.72%,90.58%,90.75%,90.31%,91.81%,96.10%,94.81%,93.80%,93.62%,93.58%,93.28%,92.46%,92.14%,92.30%,92.48%,91.92%,92.33%,93.75%,93.37%,93.42%,94.38%,94.43%,93.82%,92.93%,92.00%,92.64%,93.75%,92.38%,91.59%,92.87%,92.76%,91.90%,90.91%,89.71%,89.09%,88.30%,87.93%,87.95%,86.82%,86.76%,87.29%,88.80%,87.76%,86.78%,86.13%,85.76%,85.92%,85.36%,87.38%,88.06%,87.95%,87.78%,88.05%,89.19%,89.26%,88.60%,88.24%,88.07%,88.23%,88.10%,87.89%,88.07%,88.19%,88.08%,88.44%,89.88%,89.58%,89.10%
NSW,65+,Bulk-billed services,"958,875","994,988","1,115,197","1,195,949","1,100,111","1,035,239","1,074,695","1,043,603","1,059,137","1,066,853","1,057,031","992,362","945,015","1,095,660","1,104,304","1,265,956","1,212,494","1,051,954","1,012,748","1,149,411","1,093,448","1,061,066","1,153,616","1,000,070","1,025,676","1,085,412","1,251,473","1,167,722","1,301,235","1,104,977","1,098,420","1,207,882","1,121,059","1,150,546","1,189,617","992,859","1,116,814","1,120,441","1,184,905","1,220,285","1,502,135","1,102,143","1,156,896","1,219,583","1,101,929","1,216,422","1,218,608","1,018,312","1,150,374","1,172,605","1,221,307","1,250,627","1,564,523","1,100,450","1,238,353","1,213,699","1,164,230","1,246,189","1,192,356","1,066,551","1,162,290","1,167,438","1,307,730","1,723,672","1,403,179","1,345,439","1,400,669","1,311,963","1,367,730","1,324,741","1,331,127","1,260,034","1,204,224","1,301,065","1,546,623","1,727,960","1,729,794","1,640,325","1,791,675","1,731,267","1,597,067","1,454,788","1,466,145","1,376,700","1,505,208","1,435,976","1,481,340","1,489,434","1,847,207","1,495,315","1,377,292","1,452,768","1,304,729","1,272,184","1,386,377","1,189,703","1,201,688","1,282,549","1,508,069","1,424,664","1,645,758","1,313,991","1,252,937","1,355,613","1,247,213","1,274,614","1,405,029","1,204,744","1,354,537","1,405,371","1,353,058","1,519,612","1,667,889","1,309,332","1,453,673","1,419,926","1,347,047","1,427,718","1,385,712","1,231,862","1,327,690","1,377,556","1,444,498","1,532,409","1,651,759","1,416,645"
VIC,0-15,Bulk-billing rate,89.24%,89.31%,89.53%,90.14%,89.98%,89.91%,89.69%,89.70%,89.82%,89.92%,90.18%,89.93%,90.51%,90.50%,90.71%,91.03%,90.83%,90.83%,90.61%,90.66%,90.83%,90.81%,90.69%,90.32%,90.59%,90.71%,90.73%,91.29%,90.98%,90.91%,90.88%,90.87%,90.95%,91.00%,91.13%,90.84%,90.89%,90.94%,91.05%,91.49%,92.27%,91.78%,91.35%,91.05%,91.31%,91.22%,91.24%,90.86%,91.07%,91.28%,91.35%,91.98%,92.93%,92.61%,91.76%,91.13%,91.28%,91.23%,91.23%,90.98%,90.97%,90.92%,92.31%,97.10%,96.19%,95.10%,95.16%,95.30%,94.83%,93.33%,92.91%,92.55%,92.48%,92.59%,92.48%,92.82%,92.78%,92.44%,91.85%,91.97%,93.58%,94.76%,93.19%,92.63%,95.13%,92.72%,93.31%,92.81%,92.60%,91.96%,89.63%,88.94%,88.44%,87.71%,87.61%,86.84%,86.74%,86.95%,86.92%,87.48%,87.47%,86.90%,86.17%,86.12%,86.01%,85.85%,88.36%,88.19%,88.55%,88.94%,89.00%,89.82%,90.30%,89.77%,89.84%,89.42%,89.59%,89.79%,89.58%,89.45%,89.68%,89.84%,89.73%,90.69%,91.10%,90.66%
VIC,0-15,Bulk-billed services,"267,800","309,271","348,471","329,082","417,548","432,188","412,168","481,607","404,203","363,925","347,006","299,076","278,661","369,363","362,114","364,445","439,103","424,852","397,363","486,727","406,671","397,112","404,817","328,358","303,586","344,099","386,581","329,248","476,778","453,910","435,225","514,567","460,679","409,580","394,605","311,053","313,575","353,570","366,998","353,893","534,907","459,269","438,294","462,939","408,487","418,500","389,562","313,803","322,115","371,849","392,712","393,569","618,457","548,202","515,427","505,448","436,095","421,165","398,478","336,081","327,174","387,892","409,818","426,631","414,358","411,164","334,422","272,327","274,353","328,215","363,973","294,811","297,492","380,644","460,293","395,658","489,677","385,189","380,078","377,931","361,113","465,592","410,040","317,941","458,569","367,313","487,461","367,022","572,348","552,310","457,223","489,006","398,471","393,404","415,211","325,624","293,655","336,144","379,967","339,597","493,858","426,845","384,955","433,195","354,611","360,406","346,694","276,149","297,002","338,468","336,559","371,733","507,055","434,880","447,473","459,102","394,548","402,629","359,535","296,245","298,156","339,020","360,957","346,927","461,321","430,632"
VIC,16-64,Bulk-billing rate,80.06%,79.93%,80.72%,81.76%,81.36%,80.99%,80.39%,80.67%,80.81%,81.17%,81.22%,80.82%,81.57%,81.25%,81.75%,82.54%,82.01%,81.84%,81.60%,81.28%,81.53%,81.68%,81.68%,81.19%,81.60%,81.76%,81.96%,83.11%,82.28%,81.99%,82.00%,81.66%,81.88%,81.86%,81.95%,81.70%,81.75%,81.86%,82.27%,82.74%,83.16%,82.34%,82.10%,81.75%,82.18%,81.78%,81.93%,81.63%,81.74%,81.87%,82.28%,82.96%,83.26%,82.67%,81.80%,81.55%,81.68%,81.42%,81.67%,81.13%,81.45%,81.52%,84.58%,93.23%,91.32%,89.67%,90.69%,91.79%,90.64%,87.35%,86.09%,85.59%,85.77%,85.03%,85.01%,85.71%,86.21%,86.59%,86.21%,87.93%,88.93%,89.37%,85.94%,85.23%,87.63%,85.92%,83.96%,84.02%,83.77%,83.09%,81.86%,79.79%,78.57%,76.82%,76.09%,75.36%,73.84%,73.69%,73.57%,74.21%,73.93%,72.76%,71.82%,71.55%,71.30%,70.26%,70.46%,70.44%,70.12%,70.72%,71.05%,71.58%,71.99%,70.98%,70.22%,70.32%,70.57%,70.39%,70.33%,70.14%,69.92%,70.70%,70.89%,72.13%,72.51%,71.95%
VIC,16-64,Bulk-billed services,"1,255,647","1,332,826","1,478,422","1,467,064","1,532,106","1,497,033","1,533,413","1,568,129","1,510,481","1,478,756","1,420,442","1,302,240","1,298,186","1,506,069","1,487,741","1,589,133","1,685,174","1,530,297","1,499,076","1,691,729","1,517,979","1,557,297","1,578,126","1,363,184","1,388,903","1,463,550","1,652,503","1,417,628","1,805,251","1,586,840","1,600,370","1,762,909","1,585,510","1,653,503","1,575,039","1,343,971","1,483,547","1,524,900","1,606,656","1,577,072","1,914,347","1,567,405","1,646,741","1,739,484","1,513,704","1,737,746","1,615,638","1,365,726","1,512,726","1,562,970","1,659,200","1,613,873","1,995,416","1,641,746","1,780,627","1,755,046","1,615,816","1,762,517","1,603,138","1,435,487","1,549,649","1,616,259","1,836,875","2,011,814","2,011,218","1,991,272","2,126,724","1,953,466","1,971,651","1,930,033","1,837,209","1,704,803","1,681,435","1,792,961","2,024,757","1,917,720","2,165,854","2,068,504","2,131,659","2,578,455","2,635,004","2,850,329","2,104,248","1,772,639","2,015,789","2,067,972","2,052,524","1,696,293","2,121,678","1,933,993","1,877,151","1,933,432","1,627,559","1,653,353","1,642,254","1,394,919","1,381,432","1,473,429","1,660,325","1,390,422","1,830,231","1,555,375","1,514,397","1,635,640","1,407,660","1,515,509","1,435,191","1,224,107","1,352,743","1,450,510","1,399,154","1,479,801","1,727,096","1,407,257","1,576,041","1,571,254","1,416,359","1,587,139","1,420,336","1,257,663","1,367,844","1,455,813","1,514,341","1,455,296","1,722,491","1,532,780"
VIC,65+,Bulk-billing rate,89.63%,89.51%,89.60%,90.83%,89.69%,89.59%,89.27%,89.42%,89.35%,89.35%,89.35%,89.45%,89.68%,89.39%,89.50%,90.66%,89.65%,89.47%,89.45%,89.43%,89.25%,89.08%,89.16%,89.10%,89.40%,89.39%,89.30%,90.51%,89.65%,89.18%,89.08%,89.13%,89.00%,88.92%,88.93%,88.88%,89.17%,89.15%,89.20%,90.00%,90.26%,89.44%,89.23%,89.32%,89.17%,88.90%,88.94%,88.79%,89.25%,89.06%,89.17%,90.03%,89.88%,89.08%,88.87%,88.89%,88.64%,88.55%,88.53%,88.42%,89.01%,88.68%,91.12%,96.00%,94.56%,93.36%,94.23%,95.17%,94.41%,92.16%,91.05%,90.89%,91.15%,90.77%,91.05%,92.60%,92.31%,92.59%,92.45%,92.67%,92.37%,91.57%,90.81%,91.10%,92.73%,91.28%,90.19%,91.54%,91.85%,90.66%,89.84%,88.65%,87.93%,87.02%,86.66%,86.45%,86.24%,86.23%,86.81%,88.24%,87.08%,85.89%,85.27%,85.27%,85.22%,84.49%,86.75%,87.11%,87.71%,87.49%,87.56%,88.89%,88.66%,88.03%,87.60%,87.63%,87.65%,87.33%,87.19%,87.29%,87.87%,87.79%,87.87%,89.56%,89.14%,88.49%
VIC,65+,Bulk-billed services,"662,300","692,190","758,346","892,460","754,808","731,312","747,707","728,149","743,105","756,253","726,196","724,310","668,563","772,784","758,824","929,868","857,564","743,473","719,680","807,549","748,324","776,280","808,535","744,620","741,543","771,148","855,459","843,231","965,300","791,317","771,145","847,032","776,492","849,484","825,240","732,741","795,533","801,171","828,431","901,606","1,074,751","784,191","822,584","859,554","759,077","907,756","850,836","752,442","823,262","836,526","862,890","958,037","1,079,708","790,739","887,518","859,850","814,401","927,732","837,811","797,993","849,716","864,409","1,040,799","1,203,123","1,023,021","1,005,949","1,052,545","999,463","1,039,347","1,017,615","983,035","972,656","893,833","967,859","1,157,522","1,304,270","1,304,677","1,241,160","1,231,783","1,281,489","1,175,560","1,100,299","1,069,409","1,045,046","1,115,454","1,075,933","1,100,293","1,105,523","1,395,036","1,094,966","1,029,049","1,073,324","946,188","977,243","1,004,833","918,675","912,226","966,702","1,129,140","1,081,216","1,260,521","1,000,491","949,892","1,022,280","915,570","1,011,487","1,046,204","949,240","1,052,102","1,073,345","1,011,016","1,200,731","1,292,836","1,010,076","1,111,846","1,080,544","993,756","1,141,400","1,037,463","982,802","1,053,405","1,068,113","1,101,100","1,218,182","1,289,338","1,095,461"
QLD,0-15,Bulk-billing rate,91.41%,91.52%,91.63%,92.23%,92.20%,92.16%,91.89%,91.99%,92.09%,92.09%,92.18%,92.09%,92.56%,92.50%,92.77%,93.24%,93.31%,93.23%,92.89%,93.03%,93.14%,92.89%,93.07%,92.72%,92.83%,92.91%,93.00%,93.60%,93.61%,93.65%,93.38%,93.38%,93.24%,93.31%,93.33%,93.02%,93.48%,93.40%,93.35%,93.99%,94.54%,94.20%,93.75%,93.63%,93.47%,93.43%,93.39%,92.80%,93.31%,93.30%,93.22%,93.91%,94.77%,94.30%,93.80%,93.50%,93.31%,93.09%,92.91%,92.84%,92.91%,92.91%,94.13%,97.30%,96.69%,96.00%,95.27%,95.42%,95.02%,94.19%,94.16%,93.97%,93.89%,94.02%,93.98%,93.98%,94.14%,94.19%,93.64%,93.71%,93.93%,94.21%,93.80%,93.46%,95.27%,93.68%,94.21%,93.45%,93.63%,93.13%,91.88%,91.14%,90.42%,90.13%,90.06%,89.27%,88.64%,87.98%,87.84%,88.19%,89.12%,88.67%,88.00%,87.77%,87.41%,86.87%,88.71%,88.05%,88.48%,88.72%,89.03%,89.83%,90.33%,90.07%,90.18%,89.89%,90.13%,89.87%,89.66%,89.59%,89.73%,89.64%,89.89%,90.59%,90.69%,90.51%
QLD,0-15,Bulk-billed services,"260,089","281,190","327,963","298,391","346,674","341,983","363,944","424,218","350,993","306,978","314,015","264,988","256,930","329,595","330,781","319,176","369,963","347,592","329,364","405,398","350,516","317,061","322,887","251,633","272,870","302,156","337,078","277,740","368,072","354,764","360,596","443,410","349,301","338,309","334,207","253,729","281,084","302,672","336,584","313,924","418,415","365,875","340,172","380,283","329,754","335,575","337,130","248,413","271,548","302,020","336,055","320,185","450,773","413,033","399,023","415,014","352,587","317,900","316,079","253,539","271,234","327,018","370,339","332,808","330,023","346,437","305,072","327,910","285,796","279,435","291,202","237,090","253,132","327,851","361,727","265,823","344,369","354,808","329,902","332,700","320,156","323,393","325,347","241,876","323,409","261,860","351,964","256,541","377,579","396,351","311,815","356,557","301,246","283,058","286,128","202,326","217,575","248,808","292,049","236,836","345,339","327,704","297,805","318,403","261,986","262,538","268,812","201,147","241,648","284,817","290,921","312,493","368,537","317,124","339,900","331,731","277,960","285,726","270,399","216,690","237,142","260,604","252,786","262,524","312,039","299,110"
QLD,16-64,Bulk-billing rate,77.63%,78.00%,78.42%,79.55%,79.48%,78.93%,78.57%,78.31%,78.57%,78.91%,79.05%,79.08%,79.19%,79.48%,79.89%,80.87%,80.66%,80.39%,79.86%,79.84%,79.95%,80.18%,80.00%,79.89%,79.77%,80.55%,80.91%,82.24%,81.40%,81.23%,81.09%,80.77%,80.63%,80.96%,80.89%,80.72%,80.76%,81.27%,81.49%,82.02%,82.34%,81.56%,81.02%,80.88%,81.16%,80.98%,80.89%,80.61%,80.62%,81.19%,81.27%,82.13%,82.40%,81.80%,80.76%,80.63%,80.76%,80.66%,80.52%,80.16%,80.00%,80.27%,83.19%,91.42%,89.20%,87.63%,86.59%,86.73%,85.91%,83.86%,83.51%,83.35%,83.32%,82.74%,83.03%,83.92%,84.01%,83.88%,83.81%,85.64%,85.11%,85.13%,83.43%,83.29%,84.81%,82.63%,81.08%,80.87%,80.34%,79.58%,78.56%,76.13%,74.41%,72.77%,72.11%,71.30%,68.51%,67.98%,67.54%,68.51%,68.34%,67.34%,66.27%,66.24%,65.91%,64.31%,65.29%,65.20%,64.52%,65.05%,65.96%,66.80%,66.98%,66.49%,65.58%,65.68%,65.86%,65.54%,65.69%,65.66%,65.06%,65.36%,66.42%,67.60%,67.40%,67.24%
QLD,16-64,Bulk-billed services,"980,018","1,018,830","1,150,090","1,085,104","1,125,399","1,085,209","1,140,568","1,142,431","1,122,987","1,103,726","1,090,169","972,410","998,318","1,145,642","1,155,577","1,192,995","1,231,937","1,157,417","1,118,587","1,264,730","1,181,280","1,140,918","1,183,738","995,014","1,092,588","1,141,109","1,274,191","1,067,870","1,312,953","1,211,546","1,212,704","1,360,731","1,197,844","1,231,799","1,240,450","1,008,473","1,187,878","1,191,457","1,279,515","1,208,777","1,392,923","1,220,480","1,247,137","1,326,439","1,191,335","1,295,471","1,274,700","1,021,847","1,203,084","1,214,488","1,307,014","1,222,810","1,432,724","1,251,607","1,347,694","1,344,950","1,268,088","1,314,724","1,259,686","1,075,328","1,216,565","1,243,673","1,459,956","1,538,040","1,507,480","1,562,348","1,574,140","1,508,839","1,477,485","1,409,007","1,398,709","1,245,517","1,260,191","1,354,261","1,544,415","1,321,310","1,489,165","1,542,661","1,554,464","1,810,051","1,774,816","1,696,135","1,675,396","1,383,012","1,470,729","1,401,145","1,475,378","1,168,478","1,402,278","1,362,326","1,307,722","1,336,023","1,175,209","1,136,060","1,166,413","934,230","979,588","1,010,326","1,133,287","907,638","1,149,764","1,055,695","1,015,126","1,092,464","969,427","981,404","1,008,619","790,356","938,916","1,005,791","989,343","1,015,874","1,109,754","952,759","1,087,257","1,056,245","984,061","1,060,724","1,001,609","843,885","971,088","991,753","983,864","996,010","1,115,635","1,049,027"
QLD,65+,Bulk-billing rate,90.83%,90.87%,90.96%,92.22%,91.56%,91.04%,90.95%,90.67%,90.85%,90.82%,90.70%,90.90%,91.10%,91.07%,91.18%,92.33%,91.57%,91.34%,91.21%,91.19%,91.17%,91.07%,91.13%,91.08%,91.09%,91.35%,91.43%,92.73%,91.83%,91.65%,91.38%,91.36%,91.39%,91.32%,91.34%,91.33%,91.54%,91.58%,91.51%,92.45%,92.41%,91.76%,91.51%,91.54%,91.51%,91.35%,91.25%,91.07%,91.52%,91.43%,91.32%,92.42%,92.07%,91.52%,91.29%,91.22%,91.17%,90.97%,90.90%,90.90%,91.10%,90.78%,92.40%,96.34%,94.84%,93.95%,93.72%,93.51%,93.35%,92.29%,91.96%,92.20%,92.27%,91.88%,92.19%,93.99%,93.44%,93.21%,93.39%,93.45%,92.60%,92.05%,91.48%,92.21%,93.31%,92.05%,91.23%,92.56%,92.49%,91.41%,90.51%,89.11%,88.23%,87.40%,86.88%,86.93%,85.60%,85.26%,85.72%,87.72%,86.37%,85.19%,84.34%,84.22%,84.47%,83.46%,85.86%,86.54%,86.49%,86.52%,86.86%,88.30%,87.56%,87.02%,86.70%,86.76%,86.83%,86.53%,86.34%,86.51%,86.68%,86.66%,87.27%,88.72%,87.93%,87.58%
QLD,65+,Bulk-billed services,"536,695","548,345","623,541","698,551","617,435","579,313","603,112","580,034","592,371","594,568","593,633","555,268","549,573","619,701","626,969","752,304","686,841","614,033","591,921","664,970","627,273","616,599","670,429","571,762","619,985","631,459","701,213","719,169","742,337","662,338","642,048","713,314","648,978","680,832","702,002","579,384","683,208","664,783","708,688","757,794","853,904","670,943","694,530","729,800","654,065","729,938","725,119","596,911","707,922","694,169","726,141","811,468","864,934","679,391","752,808","733,654","708,111","758,487","721,073","643,768","727,846","719,865","834,880","1,034,878","806,008","835,986","846,223","786,416","815,581","797,393","799,328","748,922","732,250","792,755","934,506","1,029,464","1,027,676","1,005,564","1,012,609","1,020,957","933,541","850,324","893,377","837,102","904,497","849,776","910,674","898,607","1,100,393","926,016","853,528","870,256","786,098","771,713","825,869","700,770","747,460","762,552","897,852","867,296","957,659","798,332","755,009","817,994","740,509","770,545","849,447","704,802","833,836","859,334","835,449","951,719","933,767","791,430","895,026","852,346","806,027","880,127","828,963","734,218","840,261","836,547","844,735","948,527","952,654","871,738"
WA,0-15,Bulk-billing rate,92.39%,92.59%,92.80%,93.37%,93.38%,93.22%,93.02%,93.02%,92.91%,92.90%,92.98%,93.08%,92.94%,93.18%,93.35%,93.82%,93.90%,93.94%,94.08%,94.27%,94.24%,94.29%,94.32%,93.97%,94.01%,94.26%,94.37%,94.60%,94.78%,94.91%,94.69%,94.75%,94.86%,95.03%,94.89%,94.88%,94.92%,95.36%,95.16%,95.34%,95.67%,95.44%,95.46%,95.36%,95.19%,95.30%,95.15%,94.92%,95.06%,95.15%,95.08%,95.12%,96.03%,96.33%,95.72%,95.07%,94.93%,94.90%,94.78%,94.44%,94.57%,94.38%,95.42%,98.24%,97.38%,96.32%,95.73%,94.93%,94.64%,94.06%,94.05%,93.64%,93.52%,94.21%,93.71%,93.71%,94.26%,94.11%,93.65%,93.36%,93.53%,93.86%,93.48%,92.91%,94.42%,94.02%,94.52%,93.31%,93.37%,92.35%,90.98%,90.46%,89.36%,89.20%,89.43%,88.49%,88.15%,87.94%,87.80%,86.63%,88.83%,87.93%,87.01%,86.65%,85.67%,85.72%,87.44%,86.83%,87.71%,88.11%,87.62%,88.02%,89.64%,88.30%,88.84%,88.42%,88.00%,88.81%,88.34%,88.43%,88.84%,88.94%,88.11%,88.71%,90.41%,89.43%
WA,0-15,Bulk-billed services,"107,638","119,349","134,830","123,703","157,621","169,481","165,366","181,824","165,125","139,765","141,075","115,518","111,626","134,059","136,819","137,062","175,832","170,230","160,983","208,270","181,260","157,855","161,284","123,256","119,305","134,518","160,357","130,298","180,516","180,654","165,165","203,028","178,743","172,717","174,163","130,636","138,196","159,369","159,135","148,962","191,879","183,262","178,781","205,105","175,890","174,522","169,739","124,646","129,345","139,992","152,337","142,627","234,862","276,479","220,370","195,400","165,252","161,539","155,236","125,833","127,055","140,343","154,139","177,045","186,219","162,938","138,084","152,409","143,331","143,433","153,790","141,007","119,434","115,295","149,698","127,460","174,078","171,511","160,071","200,412","169,498","168,422","172,938","132,237","167,914","151,275","175,411","117,197","158,517","168,795","144,397","178,835","157,755","142,919","147,008","105,366","103,756","115,247","128,121","99,430","174,182","168,438","143,779","164,610","132,154","127,141","125,670","91,812","102,679","116,791","114,935","114,977","160,431","135,642","153,297","165,533","147,458","150,258","138,510","107,002","108,973","118,937","125,384","114,491","159,900","145,186"
WA,16-64,Bulk-billing rate,67.62%,68.63%,69.45%,71.17%,71.05%,70.55%,70.01%,70.35%,70.85%,71.26%,71.82%,72.27%,71.95%,72.56%,73.54%,74.81%,74.84%,74.51%,74.17%,74.16%,74.44%,74.62%,74.80%,74.63%,74.52%,75.28%,75.95%,77.07%,77.12%,76.88%,76.92%,77.20%,77.35%,77.36%,77.54%,77.60%,77.21%,77.99%,78.69%,78.97%,80.00%,79.54%,79.19%,79.23%,79.64%,79.33%,79.43%,79.39%,79.33%,79.53%,79.98%,80.40%,81.54%,80.99%,79.69%,79.61%,79.96%,79.57%,79.39%,79.39%,78.91%,79.41%,82.43%,91.25%,87.96%,85.58%,84.44%,83.79%,83.35%,81.84%,81.68%,81.30%,81.17%,82.65%,81.35%,82.48%,82.71%,82.57%,82.52%,83.32%,83.40%,82.98%,81.57%,80.54%,81.32%,81.63%,79.96%,78.76%,78.77%,77.21%,75.13%,73.26%,71.40%,68.63%,68.14%,66.57%,63.88%,63.18%,62.04%,61.29%,62.95%,60.83%,58.50%,58.11%,57.57%,55.56%,56.72%,56.86%,55.84%,56.82%,56.67%,56.59%,59.02%,57.54%,56.13%,56.20%,56.03%,56.02%,56.28%,56.18%,54.97%,55.80%,55.91%,56.85%,58.90%,58.00%
WA,16-64,Bulk-billed services,"368,212","393,900","434,193","411,374","452,300","445,297","455,759","458,691","448,973","462,981","446,660","405,149","402,632","466,210","470,980","483,866","533,353","489,340","473,651","550,179","503,243","504,908","515,653","434,797","459,937","486,742","546,728","452,554","593,589","530,911","516,878","588,825","531,373","573,422","562,826","465,047","529,572","543,470","566,232","534,379","652,243","558,246","581,561","624,742","542,277","628,232","593,876","484,672","556,560","562,656","591,834","550,974","695,507","609,305","624,557","625,299","574,232","638,319","588,111","512,179","559,255","578,578","655,712","692,872","710,047","696,533","707,424","685,825","662,140","674,434","651,552","586,712","578,557","606,423","684,638","607,000","724,673","713,232","717,870","843,664","814,894","835,389","799,985","645,795","700,588","733,063","693,736","527,661","647,366","599,692","561,511","609,402","515,444","518,032","521,776","417,156","418,246","444,569","475,229","371,070","531,320","441,247","409,530","453,603","391,218","405,347","405,974","331,376","370,543","402,719","375,544","383,982","469,382","372,166","416,770","421,491","379,010","432,444","398,467","342,096","371,442","391,730","404,092","374,777","471,105","409,691"
WA,65+,Bulk-billing rate,89.64%,89.64%,89.85%,91.41%,90.36%,90.12%,89.85%,89.68%,89.94%,89.75%,89.78%,89.92%,89.88%,89.73%,90.24%,91.63%,90.62%,90.56%,90.25%,90.25%,90.32%,90.02%,90.27%,90.31%,90.44%,90.45%,90.60%,91.43%,91.42%,90.87%,90.61%,90.63%,90.82%,90.57%,90.68%,90.73%,90.71%,90.83%,91.04%,91.25%,92.25%,91.46%,91.18%,91.32%,91.42%,91.11%,91.02%,90.99%,91.36%,91.12%,91.28%,91.47%,92.73%,91.53%,91.12%,91.10%,91.15%,91.00%,90.81%,90.72%,90.81%,90.00%,92.04%,96.80%,94.70%,93.55%,93.27%,93.10%,92.75%,91.98%,91.73%,91.73%,91.69%,92.15%,91.87%,93.75%,93.56%,93.10%,93.26%,93.04%,92.48%,91.65%,91.28%,91.69%,92.63%,91.75%,91.22%,92.61%,92.94%,91.71%,90.55%,89.63%,88.79%,88.00%,87.77%,87.49%,86.42%,86.26%,86.73%,88.06%,87.75%,86.14%,85.21%,85.05%,84.81%,83.79%,86.23%,86.68%,86.47%,86.72%,86.60%,87.74%,87.95%,87.36%,86.79%,86.77%,86.81%,86.52%,86.43%,86.41%,86.37%,86.44%,86.60%,88.08%,88.24%,87.56%
WA,65+,Bulk-billed services,"221,730","231,037","252,645","290,903","264,007","247,327","252,545","241,054","245,311","257,904","249,231","238,183","229,467","257,650","261,129","312,758","299,578","262,138","247,329","282,652","261,479","270,896","290,912","250,843","261,472","269,858","297,092","268,992","360,388","282,961","265,465","295,986","270,147","302,466","304,046","256,380","294,004","288,393","295,713","292,311","405,437","292,185","297,902","312,291","272,643","328,836","316,762","264,814","305,552","299,628","306,628","301,305","433,114","295,487","316,389","314,901","295,167","341,233","315,978","283,753","313,648","309,920","356,977","462,247","355,831","352,686","364,212","341,446","342,746","357,068","346,657","330,993","314,860","334,369","396,476","441,326","488,022","434,999","443,091","453,505","409,735","385,226","393,446","367,204","415,843","387,892","389,477","384,234","494,216","399,402","358,509","378,445","333,966","351,216","366,820","317,663","322,057","338,857","382,449","362,281","451,842","349,968","326,446","356,950","316,663","344,670","377,429","322,783","362,679","373,247","346,693","396,613","439,813","343,639","381,924","369,050","339,819","393,300","363,965","329,764","358,736","365,909","374,260","392,563","446,213","376,588"
SA,0-15,Bulk-billing rate,92.49%,92.64%,92.82%,93.22%,93.18%,93.31%,92.95%,92.91%,93.06%,92.86%,93.16%,92.91%,92.97%,93.34%,93.35%,93.91%,93.64%,93.75%,93.67%,93.45%,93.41%,93.41%,93.42%,93.09%,92.91%,93.68%,93.40%,93.91%,93.87%,94.02%,93.76%,94.00%,94.00%,93.82%,93.80%,93.60%,93.51%,93.77%,94.15%,94.14%,94.82%,94.60%,94.31%,94.05%,94.10%,94.45%,94.36%,93.93%,94.03%,94.16%,94.15%,94.41%,95.70%,95.04%,94.50%,93.71%,93.91%,93.62%,93.55%,93.06%,93.17%,92.99%,94.29%,97.99%,97.15%,96.12%,95.36%,95.34%,94.93%,94.29%,94.62%,94.39%,94.30%,94.42%,94.00%,94.58%,94.74%,94.65%,94.59%,94.08%,94.49%,94.90%,94.84%,94.91%,95.83%,94.50%,94.80%,94.25%,94.07%,94.07%,92.64%,91.30%,90.81%,89.66%,89.35%,88.58%,87.74%,88.24%,88.05%,88.15%,88.29%,88.02%,87.30%,87.02%,86.97%,86.82%,90.25%,90.11%,90.57%,90.54%,90.22%,91.43%,91.67%,91.20%,91.28%,90.80%,91.03%,90.97%,91.13%,90.78%,90.92%,90.84%,90.95%,91.90%,91.75%,91.60%
SA,0-15,Bulk-billed services,"68,943","83,134","88,331","83,954","106,224","118,572","111,246","129,999","113,475","92,849","94,026","77,638","73,796","91,941","94,155","97,826","108,934","116,915","106,486","126,516","114,969","99,973","109,809","81,540","76,740","91,559","101,046","92,033","120,230","125,638","116,553","137,229","127,411","103,112","104,143","76,825","77,915","87,785","93,786","92,239","127,893","119,111","109,904","115,490","103,662","105,501","102,046","76,898","80,765","92,014","95,104","101,642","168,272","136,109","119,446","118,056","108,057","95,205","93,968","73,580","74,463","90,210","95,154","114,042","114,793","99,133","88,612","97,875","88,214","86,503","90,290","66,362","67,802","82,509","87,878","81,787","108,596","105,192","91,703","92,559","96,849","99,289","101,189","70,382","85,973","72,593","91,815","69,131","99,366","108,572","89,410","104,727","96,231","81,158","86,320","63,016","60,563","69,055","78,445","68,578","96,592","94,542","87,573","96,715","86,157","75,452","80,850","58,820","63,630","71,448","69,308","76,748","96,373","89,112","100,362","100,804","90,277","82,475","81,637","61,378","63,714","71,248","73,648","74,085","91,193","86,448"
SA,16-64,Bulk-billing rate,76.24%,76.34%,76.99%,78.31%,77.92%,77.45%,77.00%,76.96%,77.28%,77.71%,78.09%,77.90%,78.29%,78.08%,78.72%,79.85%,79.23%,78.97%,78.41%,78.51%,78.60%,79.02%,78.91%,78.71%,78.84%,78.81%,79.19%,80.99%,79.89%,79.42%,79.16%,79.11%,78.91%,79.16%,79.32%,79.24%,79.02%,79.54%,80.05%,80.46%,80.81%,80.00%,79.82%,79.48%,80.04%,79.75%,79.85%,79.57%,79.37%,79.38%,79.94%,80.52%,81.39%,80.09%,79.17%,79.03%,78.98%,78.93%,78.83%,78.67%,78.19%,78.15%,81.90%,92.73%,89.81%,87.46%,86.37%,86.11%,85.20%,83.03%,83.80%,83.27%,82.88%,82.15%,81.98%,83.29%,83.28%,83.15%,83.91%,84.14%,84.31%,84.25%,82.80%,83.07%,84.19%,82.70%,80.82%,81.10%,79.81%,79.18%,77.41%,74.73%,73.00%,71.03%,70.26%,68.37%,64.98%,65.01%,64.23%,65.09%,64.59%,63.38%,61.94%,61.79%,61.82%,60.47%,61.91%,62.31%,61.90%,62.29%,62.46%,63.38%,63.37%,62.41%,62.16%,62.03%,62.34%,62.29%,62.74%,62.76%,61.93%,62.35%,62.66%,64.59%,63.94%,63.98%
SA,16-64,Bulk-billed services,"320,522","333,840","370,253","368,023","389,869","380,643","385,358","390,987","390,443","370,504","365,683","328,575","333,019","377,312","377,845","400,822","425,022","394,486","371,313","428,663","400,807","382,961","401,629","340,215","353,502","371,214","416,712","360,213","452,683","401,629","392,952","442,710","410,980","399,930","406,397","334,689","370,986","381,193","402,137","391,335","466,152","398,085","412,005","437,072","391,544","417,967","411,004","334,596","372,657","385,230","406,173","394,104","492,472","393,491","425,410","428,221","410,690","416,253","394,393","342,849","369,993","386,375","447,485","517,705","502,591","490,495","510,640","485,896","472,754","441,466","444,318","400,577","398,142","426,594","469,940","429,008","492,994","479,436","484,942","555,137","556,729","522,037","517,855","415,732","430,519","437,059","449,052","373,963","455,435","431,122","399,593","426,307","375,659","347,875","362,461","288,856","281,760","301,319","331,638","275,252","358,200","312,521","295,847","329,690","299,421","287,131","301,659","245,926","276,827","298,195","281,626","296,311","338,628","279,687","317,514","319,110","300,873","308,717","299,547","254,036","280,544","291,940","299,416","291,989","333,292","303,017"
SA,65+,Bulk-billing rate,90.30%,90.45%,90.55%,92.06%,91.14%,90.67%,90.42%,90.12%,90.25%,90.54%,90.55%,90.55%,90.85%,90.61%,90.73%,92.27%,91.10%,90.66%,90.46%,90.35%,90.42%,90.30%,90.52%,90.41%,90.53%,90.37%,90.71%,92.38%,91.17%,90.71%,90.26%,90.31%,90.26%,90.15%,90.09%,90.38%,90.32%,90.11%,90.49%,91.46%,91.59%,90.58%,90.34%,90.28%,90.34%,90.22%,90.40%,90.29%,90.24%,90.03%,90.34%,91.20%,91.73%,90.24%,90.23%,89.90%,89.74%,89.84%,89.62%,89.61%,89.69%,89.47%,91.08%,96.93%,95.03%,93.65%,93.30%,93.17%,92.75%,91.37%,91.62%,91.62%,91.54%,91.09%,91.25%,93.39%,92.98%,92.72%,93.01%,92.50%,91.68%,91.11%,90.68%,91.45%,92.70%,91.38%,90.46%,92.23%,91.64%,90.31%,88.97%,87.17%,86.34%,84.63%,84.01%,83.87%,83.24%,82.65%,82.66%,85.76%,83.58%,82.45%,81.39%,80.92%,81.18%,80.26%,85.27%,85.98%,86.23%,86.17%,86.44%,88.40%,87.53%,87.03%,86.69%,86.65%,86.76%,86.43%,86.29%,86.51%,86.40%,86.45%,87.10%,89.22%,87.79%,87.52%
SA,65+,Bulk-billed services,"222,657","226,445","248,425","298,666","255,288","243,554","248,225","238,733","247,972","246,051","242,954","232,062","224,783","252,022","248,181","308,480","284,002","247,084","231,954","265,391","250,885","244,802","272,404","236,817","245,041","249,464","278,290","289,382","308,888","259,054","245,153","276,561","260,998","264,440","272,782","233,818","258,815","254,863","266,931","292,004","345,800","257,188","264,621","278,194","252,142","280,572","278,735","235,755","261,209","263,232","272,669","299,082","367,359","250,561","280,815","274,502","269,929","286,631","270,653","245,651","268,229","271,629","298,870","435,460","323,147","308,033","322,849","301,147","310,508","295,739","296,095","289,644","274,600","295,472","343,340","398,848","413,586","381,598","377,598","390,126","357,900","319,450","336,473","307,046","327,786","323,407","331,592","350,282","404,208","328,145","296,603","317,384","291,114","274,229","296,642","260,085","259,992","270,884","311,329","320,317","348,729","280,875","261,272","289,570","269,865","265,187","307,717","264,727","300,405","314,858","291,265","362,882","364,325","288,613","317,208","316,306","303,340","316,775","305,887","275,678","299,934","303,066","319,469","357,768","350,833","308,382"
TAS,0-15,Bulk-billing rate,90.39%,89.58%,90.66%,91.74%,91.19%,90.82%,90.10%,89.23%,90.06%,89.80%,90.46%,90.69%,90.69%,90.46%,90.48%,91.36%,90.94%,91.00%,89.83%,89.16%,89.55%,89.77%,89.78%,89.24%,90.15%,90.16%,89.96%,90.27%,90.96%,90.53%,89.66%,89.54%,89.65%,89.46%,89.69%,89.50%,89.71%,89.33%,89.37%,90.40%,91.93%,91.06%,91.03%,94.55%,92.72%,92.06%,90.34%,89.26%,89.58%,88.84%,89.23%,89.41%,92.05%,91.13%,89.28%,88.35%,88.26%,88.09%,88.31%,88.20%,87.23%,86.55%,88.78%,97.25%,96.72%,94.37%,92.20%,91.28%,91.31%,89.53%,89.08%,89.25%,88.91%,88.44%,89.20%,89.35%,89.83%,89.74%,88.12%,87.70%,88.58%,89.80%,88.79%,88.29%,90.87%,88.72%,89.46%,88.11%,88.63%,87.75%,85.68%,84.44%,82.99%,82.11%,81.98%,80.98%,80.66%,79.49%,79.35%,80.58%,82.62%,80.39%,79.82%,79.40%,79.12%,79.55%,82.72%,83.71%,83.69%,84.38%,84.60%,86.20%,87.30%,86.48%,85.88%,85.15%,84.79%,85.36%,84.52%,85.39%,85.49%,86.39%,85.91%,86.37%,88.39%,87.86%
TAS,0-15,Bulk-billed services,"17,701","19,550","22,722","21,526","26,131","29,186","27,844","32,453","30,162","23,439","24,034","19,299","16,941","21,845","22,384","22,076","26,926","26,441","23,375","31,175","27,181","22,207","23,769","18,552","17,289","18,825","23,091","19,156","27,338","28,198","25,507","32,654","29,586","23,747","24,505","18,705","18,513","19,172","21,736","21,457","33,464","30,806","32,624","60,258","40,063","32,880","27,584","20,574","19,110","20,160","22,653","22,579","36,914","32,245","29,564","28,397","26,178","22,103","21,499","17,458","16,729","18,649","21,025","25,426","29,300","25,177","21,292","21,627","21,252","18,180","18,705","15,439","14,674","17,966","22,943","19,468","26,413","25,947","21,904","24,033","25,158","23,321","23,044","16,907","19,116","17,978","21,618","16,199","24,274","25,105","19,407","23,041","20,368","17,061","19,073","15,063","14,532","15,648","18,725","15,886","25,378","23,747","21,144","22,860","20,071","17,104","18,291","14,590","15,228","16,183","17,007","18,796","25,131","21,944","23,511","23,827","22,462","20,502","19,638","16,695","16,804","17,556","19,616","18,503","25,881","22,483"
TAS,16-64,Bulk-billing rate,67.58%,67.12%,67.41%,69.62%,68.85%,67.35%,65.69%,65.12%,65.45%,66.62%,66.52%,67.30%,67.07%,67.59%,67.87%,69.89%,68.03%,67.23%,65.36%,65.45%,65.74%,66.60%,65.96%,66.49%,65.85%,66.76%,66.82%,67.53%,68.42%,66.63%,65.39%,65.16%,65.28%,65.75%,66.04%,65.86%,65.56%,65.72%,65.87%,67.31%,68.61%,66.46%,64.82%,66.15%,66.12%,65.73%,65.31%,65.56%,64.58%,64.47%,64.34%,65.11%,67.14%,64.84%,62.12%,61.89%,61.74%,61.78%,61.82%,62.29%,61.60%,61.78%,67.94%,89.56%,86.38%,80.65%,77.08%,75.23%,74.60%,70.34%,68.72%,69.47%,68.17%,67.39%,67.78%,69.52%,70.70%,70.20%,69.44%,71.59%,72.30%,72.17%,68.35%,69.02%,72.83%,70.28%,66.74%,66.56%,66.00%,64.67%,64.15%,62.16%,60.30%,58.43%,58.06%,59.06%,56.76%,55.98%,56.16%,57.59%,57.43%,55.86%,54.79%,54.67%,55.04%,53.51%,56.42%,58.41%,57.56%,58.17%,58.94%,59.87%,61.03%,60.00%,59.24%,59.33%,59.25%,59.37%,59.02%,60.84%,59.36%,60.17%,60.84%,62.71%,63.36%,63.57%
TAS,16-64,Bulk-billed services,"77,391","79,693","89,507","92,206","93,879","90,424","91,607","88,797","91,989","86,415","85,359","79,419","73,847","87,102","88,131","95,152","99,032","88,977","82,034","95,928","89,843","84,172","88,283","76,525","76,828","79,770","94,185","77,579","105,198","90,099","86,197","99,133","89,879","87,243","90,485","73,895","82,267","81,198","87,412","86,227","108,364","87,086","88,848","101,375","86,983","91,912","89,797","74,710","79,965","80,513","85,645","82,694","107,333","83,272","89,108","88,306","83,291","84,991","80,650","72,282","75,691","77,761","96,177","138,718","138,795","124,249","122,936","113,317","114,906","100,688","96,627","91,086","82,633","90,437","104,979","98,318","114,660","112,758","113,002","131,369","132,425","120,293","110,157","95,505","100,800","104,009","103,093","82,348","102,047","92,720","88,424","96,037","83,319","75,199","81,857","70,835","68,122","70,982","81,340","68,119","91,210","77,563","72,220","82,447","74,939","71,043","77,199","66,741","72,693","76,412","75,137","78,403","94,513","75,677","85,421","87,056","80,662","83,514","80,878","73,639","76,980","79,527","85,060","83,771","101,376","89,693"
TAS,65+,Bulk-billing rate,88.14%,87.73%,87.78%,90.48%,89.10%,88.41%,87.98%,87.72%,87.64%,88.03%,87.73%,88.35%,88.26%,87.89%,88.15%,90.16%,88.68%,88.20%,87.02%,87.63%,87.49%,87.57%,87.23%,87.73%,87.68%,87.77%,87.90%,88.64%,89.42%,88.05%,87.35%,87.44%,87.50%,87.11%,87.34%,87.51%,87.68%,87.23%,87.60%,88.66%,89.20%,87.97%,87.04%,87.32%,87.48%,87.08%,87.12%,87.19%,87.40%,86.51%,86.29%,87.52%,88.56%,87.14%,85.95%,85.76%,85.66%,85.67%,85.36%,85.56%,85.71%,85.49%,87.83%,96.56%,94.77%,92.35%,90.75%,90.44%,90.02%,88.15%,87.16%,87.95%,87.75%,86.86%,87.88%,90.66%,90.59%,89.58%,89.76%,88.81%,88.15%,87.57%,86.47%,87.63%,89.97%,87.83%,86.13%,88.51%,89.11%,86.97%,86.18%,84.57%,82.95%,81.75%,81.14%,81.85%,80.84%,80.77%,81.45%,84.94%,83.91%,81.38%,79.85%,79.65%,80.26%,79.19%,82.92%,84.87%,84.34%,83.94%,83.99%,86.42%,86.91%,85.44%,84.56%,84.35%,84.55%,84.14%,84.01%,84.76%,84.80%,84.65%,84.95%,87.11%,87.45%,86.36%
TAS,65+,Bulk-billed services,"61,378","62,361","69,984","87,859","73,147","68,593","70,241","66,464","71,246","70,388","69,273","68,971","60,853","70,227","71,152","88,412","81,851","70,179","64,823","75,106","72,188","69,334","75,001","67,804","66,902","68,924","79,337","72,565","101,282","74,868","70,301","79,518","74,761","75,732","80,329","67,666","74,399","71,847","76,539","81,783","105,898","73,326","74,758","79,369","71,691","79,982","79,965","69,414","74,851","72,977","76,014","82,096","109,182","72,302","78,957","77,090","74,942","80,629","76,417","71,194","74,278","75,129","82,778","128,805","107,654","92,257","95,584","87,558","91,266","86,165","84,980","83,860","74,816","81,534","100,800","114,868","125,401","113,100","111,999","109,028","101,147","89,208","92,671","91,351","94,468","92,361","95,239","95,528","127,727","96,097","87,131","92,910","83,570","78,279","85,426","77,492","74,982","79,458","93,405","94,980","113,993","84,551","76,400","85,866","80,586","80,582","92,732","82,856","89,106","91,350","85,864","102,895","119,217","88,231","94,040","93,376","88,596","94,626","91,169","87,118","90,166","90,949","93,744","103,867","121,182","97,655"
ACT,0-15,Bulk-billing rate,71.78%,69.19%,69.33%,71.84%,71.25%,69.55%,69.28%,67.65%,69.31%,70.25%,69.25%,71.80%,72.40%,69.89%,71.24%,73.14%,71.83%,70.47%,71.39%,69.93%,70.96%,71.58%,71.60%,73.85%,73.49%,71.61%,72.11%,76.67%,74.85%,74.29%,74.74%,73.12%,72.82%,74.16%,73.84%,75.94%,76.28%,74.20%,74.62%,79.06%,80.03%,77.95%,76.81%,74.25%,74.48%,75.57%,74.25%,75.38%,76.72%,74.73%,74.88%,77.70%,80.32%,78.59%,76.28%,72.93%,73.46%,74.42%,73.97%,75.89%,74.67%,71.66%,75.93%,92.11%,88.10%,82.24%,79.36%,78.20%,77.61%,76.47%,74.75%,76.73%,77.49%,73.57%,74.48%,78.28%,77.61%,76.53%,73.18%,74.67%,83.64%,86.39%,75.30%,74.77%,84.10%,75.12%,78.94%,78.41%,77.61%,75.07%,72.71%,67.83%,67.08%,66.34%,66.17%,66.09%,66.02%,63.73%,63.72%,69.26%,70.09%,66.38%,65.19%,63.29%,62.78%,62.25%,64.11%,65.61%,66.10%,64.88%,63.42%,69.94%,71.08%,67.99%,67.89%,65.81%,65.78%,66.89%,66.30%,67.82%,68.22%,66.70%,65.66%,72.29%,73.38%,68.71%
ACT,0-15,Bulk-billed services,"11,721","13,503","14,971","15,258","19,298","20,229","19,801","20,626","17,208","15,528","16,224","13,316","12,416","15,773","16,540","17,244","20,278","20,074","19,381","23,997","19,533","17,272","18,732","14,535","13,967","16,788","19,229","17,185","22,524","21,285","21,129","25,400","21,658","18,451","19,279","14,800","15,270","15,972","17,524","19,852","27,881","25,843","22,591","22,729","20,450","18,838","19,458","14,865","15,950","17,729","18,836","19,765","30,554","29,424","25,791","23,303","20,977","18,950","19,189","15,501","15,205","17,229","19,844","29,079","27,535","21,550","18,117","18,602","18,455","17,628","20,183","16,980","14,757","16,568","19,770","20,875","25,484","24,548","23,302","18,880","19,692","26,416","18,149","12,902","23,000","16,316","24,489","18,631","27,318","26,295","19,991","20,162","18,117","16,287","18,493","13,344","11,823","13,405","15,298","15,633","24,107","20,026","17,733","18,955","16,316","14,180","15,302","11,725","12,354","14,250","14,072","18,567","23,341","19,160","18,717","17,788","16,426","15,431","15,179","11,698","12,087","13,056","13,884","16,727","22,263","18,155"
ACT,16-64,Bulk-billing rate,49.77%,50.96%,51.80%,54.92%,54.14%,51.98%,51.29%,51.28%,52.72%,53.57%,54.73%,56.15%,55.77%,54.46%,56.02%,57.98%,56.75%,54.57%,54.03%,53.63%,54.28%,54.95%,55.74%,56.42%,55.21%,54.45%,56.40%,59.65%,57.62%,56.56%,56.03%,55.15%,54.65%,55.27%,55.75%,56.55%,55.26%,56.99%,58.28%,59.23%,60.25%,57.79%,57.60%,56.52%,57.08%,57.51%,57.69%,58.49%,58.19%,58.09%,58.44%,60.30%,60.40%,57.77%,56.76%,56.80%,57.80%,58.22%,58.64%,59.78%,57.77%,57.82%,62.82%,81.98%,75.31%,69.88%,67.96%,66.74%,66.18%,64.08%,63.20%,64.04%,63.51%,61.73%,62.45%,64.45%,64.79%,64.37%,64.39%,72.26%,74.99%,72.23%,63.46%,63.82%,69.01%,64.95%,61.25%,61.87%,61.40%,59.33%,61.31%,56.74%,51.36%,49.09%,49.44%,46.37%,44.63%,44.41%,45.35%,47.87%,47.24%,44.28%,42.07%,42.31%,42.33%,41.72%,42.98%,43.09%,42.22%,42.90%,43.44%,45.43%,46.41%,44.68%,43.46%,43.47%,43.61%,43.78%,43.13%,44.74%,43.03%,43.66%,43.94%,46.63%,47.14%,45.32%
ACT,16-64,Bulk-billed services,"38,946","42,666","47,999","49,483","51,719","48,431","50,086","49,892","48,742","49,064","50,797","45,011","44,986","51,522","52,425","56,142","60,366","52,272","51,917","60,145","54,047","53,481","57,474","47,311","48,229","50,377","60,358","52,884","65,375","56,300","57,041","63,158","54,477","55,735","58,677","46,986","52,329","54,807","59,595","58,435","70,634","59,162","59,807","63,685","57,284","62,084","62,828","49,932","57,949","58,594","62,752","60,931","72,463","60,291","65,862","65,513","63,129","65,490","64,030","54,878","58,895","59,848","75,046","94,783","90,836","82,566","86,235","80,390","81,210","75,285","75,628","66,889","65,632","70,134","80,160","75,538","84,893","86,860","89,096","113,777","115,099","103,711","80,910","67,574","85,470","81,896","76,956","66,035","79,417","74,253","77,833","74,647","59,154","54,861","59,686","44,068","42,581","46,559","54,400","47,640","60,822","51,092","45,965","51,781","46,263","45,453","48,916","38,187","43,344","47,172","45,387","49,840","57,621","47,811","50,661","51,016","47,736","49,416","47,722","40,413","44,210","47,010","48,728","48,782","59,351","49,173"
ACT,65+,Bulk-billing rate,65.76%,66.25%,66.59%,72.64%,69.17%,66.89%,66.76%,67.53%,66.97%,67.63%,67.12%,67.72%,67.96%,67.25%,68.30%,73.31%,70.24%,68.66%,68.56%,68.27%,67.32%,67.52%,68.47%,69.08%,68.45%,69.23%,69.35%,75.12%,71.77%,70.71%,69.94%,69.96%,68.92%,68.67%,68.87%,68.01%,68.99%,69.69%,69.55%,73.65%,74.58%,71.24%,70.49%,70.39%,69.44%,69.35%,69.71%,69.37%,69.55%,69.74%,70.48%,73.29%,75.02%,70.55%,69.79%,70.06%,70.08%,69.20%,68.96%,69.33%,69.05%,69.07%,72.80%,88.60%,81.92%,77.72%,77.24%,76.20%,74.90%,73.58%,72.95%,73.37%,73.29%,71.98%,73.99%,80.63%,80.40%,77.70%,78.51%,80.26%,79.54%,75.82%,73.04%,74.45%,77.29%,72.94%,70.52%,77.41%,77.65%,72.42%,70.56%,68.45%,66.20%,65.16%,64.35%,63.74%,62.64%,63.87%,66.16%,72.65%,69.42%,64.88%,62.50%,63.39%,63.11%,62.99%,64.90%,65.32%,64.80%,64.30%,64.90%,70.73%,69.98%,66.65%,64.75%,64.56%,64.68%,64.22%,63.37%,65.02%,64.46%,64.30%,65.23%,71.73%,69.86%,66.61%
ACT,65+,Bulk-billed services,"19,836","20,724","23,173","31,208","24,706","21,832","22,651","22,378","22,762","23,559","22,918","21,735","21,317","24,491","24,349","33,411","29,455","23,763","22,793","26,233","24,011","24,285","27,373","23,807","23,826","25,539","28,468","31,718","33,782","26,474","25,760","28,551","25,341","27,635","28,799","22,629","26,670","27,032","27,708","33,281","39,355","27,655","27,275","29,539","26,216","29,763","30,081","24,524","27,901","28,721","29,612","35,021","42,443","27,464","30,360","29,789","29,470","31,046","29,693","27,001","28,429","29,521","34,170","60,415","38,602","35,868","37,536","34,487","36,159","34,340","34,552","32,342","30,434","33,506","40,746","53,553","54,367","49,008","49,933","49,962","43,428","38,916","39,717","37,594","42,097","38,391","37,923","46,742","53,841","40,449","36,321","36,827","32,314","31,353","34,376","28,877","28,170","32,590","39,287","43,114","45,607","34,012","30,188","34,050","31,417","32,688","37,952","31,001","33,905","35,958","33,858","45,609","47,105","35,318","36,848","35,794","33,969","35,850","34,798","31,301","33,498","35,360","35,970","45,466","46,848","35,280"
NT,0-15,Bulk-billing rate,94.82%,93.62%,94.19%,94.28%,94.64%,94.25%,94.19%,94.40%,94.49%,94.48%,94.79%,94.49%,95.76%,94.65%,95.25%,95.20%,94.80%,94.71%,95.25%,94.69%,94.98%,95.25%,94.78%,94.87%,95.52%,95.35%,95.08%,95.81%,94.91%,95.14%,95.05%,94.99%,95.30%,95.92%,95.95%,95.99%,95.73%,96.35%,95.91%,96.02%,95.80%,95.34%,95.39%,95.56%,95.59%,95.57%,95.92%,95.67%,96.23%,96.03%,96.52%,96.11%,95.75%,95.57%,95.66%,94.90%,95.73%,95.59%,94.94%,95.29%,95.72%,95.40%,95.82%,97.04%,96.75%,96.62%,96.48%,96.54%,96.23%,96.02%,96.23%,95.99%,96.32%,96.50%,96.21%,96.51%,96.12%,96.51%,95.88%,95.87%,95.85%,96.07%,95.90%,95.64%,97.13%,95.81%,96.50%,96.30%,96.61%,96.21%,94.96%,95.10%,92.33%,92.73%,92.11%,88.95%,88.72%,88.83%,88.92%,88.27%,89.73%,89.86%,88.77%,89.65%,89.67%,89.35%,94.69%,94.92%,95.39%,95.41%,95.82%,95.47%,96.00%,95.01%,95.14%,95.62%,95.76%,95.68%,96.17%,95.62%,95.62%,96.16%,96.38%,96.49%,96.39%,96.50%
NT,0-15,Bulk-billed services,"10,862","13,450","15,460","13,286","13,871","12,946","12,445","15,209","15,375","13,543","14,392","12,482","11,734","15,219","16,758","14,955","15,710","14,198","11,441","15,315","14,934","14,838","15,643","12,374","11,773","14,825","16,726","12,640","16,130","14,633","11,987","16,054","15,961","18,978","17,201","12,741","12,641","15,656","15,724","14,510","16,252","13,772","12,265","15,285","15,245","14,909","15,976","13,142","12,218","14,174","16,357","14,564","17,177","15,767","13,913","14,603","14,510","14,131","14,311","11,913","10,992","13,437","15,054","11,918","12,795","11,782","10,386","11,962","11,395","11,009","11,957","9,948","9,955","13,533","15,062","11,396","13,464","11,912","10,193","13,180","12,484","12,701","13,779","10,378","10,993","10,801","14,239","10,065","13,930","12,915","9,387","12,509","11,818","12,048","12,622","8,773","8,249","10,275","12,087","9,102","12,183","10,480","9,132","11,305","10,719","10,515","11,449","9,024","9,180","11,334","12,190","12,347","13,022","10,438","11,096","11,501","11,576","12,331","12,146","9,537","9,209","11,172","13,059","11,234","12,409","10,784"
NT,16-64,Bulk-billing rate,81.28%,81.37%,82.17%,82.26%,83.14%,82.90%,82.50%,83.07%,83.44%,83.42%,84.08%,84.21%,84.91%,84.77%,84.91%,85.20%,85.67%,85.80%,86.05%,85.47%,85.81%,86.04%,85.51%,86.01%,85.92%,86.18%,86.27%,86.81%,86.91%,87.05%,86.80%,86.66%,86.88%,87.02%,86.87%,86.32%,86.48%,87.62%,87.33%,87.28%,88.12%,87.43%,87.23%,86.72%,87.33%,87.11%,86.92%,87.32%,86.26%,87.03%,87.72%,87.92%,87.75%,87.88%,86.87%,86.54%,86.94%,86.03%,86.23%,86.07%,85.07%,85.30%,86.38%,90.94%,89.90%,89.35%,88.86%,88.99%,88.64%,87.70%,87.91%,87.99%,87.94%,87.65%,87.68%,88.81%,88.96%,89.53%,89.90%,90.17%,89.32%,88.85%,89.01%,88.55%,80.85%,80.07%,79.62%,79.74%,79.37%,78.04%,77.22%,70.98%,68.89%,67.43%,67.83%,65.52%,64.18%,64.06%,64.59%,64.21%,64.90%,64.25%,63.97%,63.83%,64.32%,63.58%,65.21%,65.03%,65.19%,65.76%,66.85%,66.53%,67.62%,67.12%,67.41%,66.58%,66.21%,68.01%,68.94%,68.57%,68.04%,68.02%,69.00%,69.58%,69.23%,70.40%
NT,16-64,Bulk-billed services,"41,843","45,189","50,668","46,377","46,714","47,658","46,948","47,953","51,452","50,309","49,769","43,803","44,879","52,366","52,543","52,203","55,034","51,847","47,528","55,682","54,347","52,861","53,833","46,253","48,692","52,074","58,103","46,286","59,335","53,003","49,719","58,541","55,940","58,257","57,400","46,119","51,304","55,433","57,304","55,229","61,494","53,225","53,279","57,021","54,567","58,779","56,983","47,659","51,138","54,620","59,872","54,284","61,013","53,966","55,971","56,202","56,081","57,507","54,537","47,565","48,555","52,297","59,090","55,747","58,606","58,912","57,909","56,437","57,948","54,871","56,720","51,375","50,921","54,433","62,000","55,337","63,044","63,775","65,372","74,153","71,187","67,961","74,070","57,256","49,052","49,031","55,948","46,213","52,021","46,709","43,178","44,475","39,563","39,041","40,612","32,377","33,011","35,056","40,488","31,954","41,188","36,800","34,634","38,581","36,665","36,851","37,575","30,808","34,600","37,687","37,988","37,231","41,202","34,019","40,010","37,895","38,249","41,686","39,521","33,188","36,686","38,265","42,227","37,138","41,006","37,841"
NT,65+,Bulk-billing rate,92.74%,92.54%,93.08%,93.77%,93.67%,93.59%,93.42%,93.38%,93.06%,93.44%,94.01%,93.97%,93.87%,93.79%,93.32%,93.99%,93.41%,94.17%,94.74%,93.70%,94.01%,93.79%,93.53%,93.45%,93.70%,93.71%,93.87%,94.60%,94.13%,94.07%,93.37%,93.09%,93.72%,93.59%,93.37%,93.15%,93.21%,92.71%,93.03%,94.09%,94.20%,93.40%,93.29%,92.19%,92.84%,92.62%,92.80%,92.89%,92.28%,92.49%,92.68%,93.42%,93.51%,92.86%,92.61%,92.18%,93.29%,92.13%,91.89%,91.69%,91.85%,91.32%,92.52%,95.54%,94.77%,93.81%,93.28%,93.29%,93.22%,92.48%,92.40%,92.73%,93.03%,92.47%,93.15%,93.96%,93.56%,93.74%,93.68%,93.08%,92.60%,92.29%,91.91%,92.81%,92.94%,92.37%,92.07%,93.08%,93.06%,92.20%,91.40%,89.48%,88.60%,88.20%,87.41%,86.00%,83.03%,83.61%,84.80%,86.17%,86.45%,85.10%,84.94%,85.42%,85.35%,84.45%,86.85%,86.65%,87.48%,86.98%,87.84%,87.83%,88.54%,87.84%,87.69%,87.31%,87.90%,88.10%,87.88%,87.46%,87.29%,87.25%,87.64%,88.44%,88.88%,88.59%
NT,65+,Bulk-billed services,"9,593","10,604","13,062","12,972","11,654","11,976","11,902","12,199","12,286","12,493","12,571","12,756","12,147","13,579","13,690","14,509","14,347","13,730","13,117","14,770","14,428","13,728","14,505","13,295","13,443","14,200","15,809","14,230","16,387","14,592","13,334","14,944","14,357","14,813","15,031","12,987","14,043","14,155","15,037","15,625","17,577","14,568","13,673","14,482","13,417","14,884","14,755","13,145","13,806","14,353","15,437","15,668","17,868","14,201","14,710","15,293","15,311","15,700","14,400","12,891","13,541","13,405","15,448","16,450","15,413","14,628","14,267","13,710","14,193","13,565","13,563","13,057","12,233","13,312","16,769","17,624","18,462","18,713","18,434","17,739","16,812","15,563","15,838","15,077","14,792","14,534","16,185","15,149","18,134","15,995","14,735","15,108","13,607","13,223","14,028","11,857","11,680","12,634","15,020","13,884","17,282","14,176","13,471","14,333","13,594","13,931","14,798","13,190","14,578","15,104","14,444","16,457","17,206","14,164","16,077","14,822","15,048","16,142","15,190","13,222","14,024","15,213","16,227","16,686","17,269","15,747"